decile,n,avg_pred,actual_rate
0,45,0.5345267664028572,0.2
1,45,0.5994241706211996,0.13333333333333333
2,45,0.6288135677480479,0.2
3,45,0.6478744145592591,0.3111111111111111
4,45,0.6581978249223589,0.24444444444444444
5,44,0.6719537846408365,0.25
6,45,0.6838582023212403,0.2222222222222222
7,45,0.6980583806724964,0.28888888888888886
8,45,0.7161037173002487,0.2222222222222222
9,45,0.7489569263928263,0.2
