timeline,survival_prob
0.0,1.0
19.0,0.9980000000000004
21.0,0.9940000000000005
22.0,0.9840000000000001
23.0,0.8956408163265311
24.0,0.2722249348927508
