decile,n,avg_pred,actual_rate
0,238,0.5862999528658531,0.10504201680672269
1,238,0.6641234684888484,0.09663865546218488
2,237,0.7088039654231424,0.1350210970464135
3,238,0.7770717573333404,0.12605042016806722
4,237,0.8482441477836862,0.10126582278481013
5,238,0.8690037544967076,0.11764705882352941
6,237,0.8822993719012537,0.13924050632911392
7,238,0.8946199663750262,0.11764705882352941
8,237,0.9066791991609169,0.09282700421940929
9,238,0.9207689412450784,0.06302521008403361
